{"cameraMode":{"drawMode":0,"name":"Shaded","section":"Shading Mode"},"sceneLighting":true,"audioPlay":false,"sceneViewState":{"m_AlwaysRefresh":false,"showFog":true,"showSkybox":true,"showFlares":true,"showImageEffects":true,"showParticleSystems":true,"showVisualEffectGraphs":true,"m_FxEnabled":true},"in2DMode":false,"pivot":{"x":1215.1806640625,"y":561.8660888671875,"z":-136.41688537597657},"rotation":{"x":0.08569666743278504,"y":0.013444948941469193,"z":-0.001156529295258224,"w":0.9962314367294312},"size":604.9037475585938,"orthographic":true}