{"cameraMode":{"drawMode":0,"name":"Shaded","section":"Shading Mode"},"sceneLighting":true,"audioPlay":false,"sceneViewState":{"m_AlwaysRefresh":false,"showFog":true,"showSkybox":true,"showFlares":true,"showImageEffects":true,"showParticleSystems":true,"showVisualEffectGraphs":true,"m_FxEnabled":true},"in2DMode":false,"pivot":{"x":1413.568115234375,"y":25.240978240966798,"z":-636.7244873046875},"rotation":{"x":-0.0392991304397583,"y":0.004224908538162708,"z":-0.00015497373533435166,"w":-0.9992323517799377},"size":8.199095726013184,"orthographic":false}